{"$type":"List`1","$values":[{"$id":"1","$type":"ProjectOptionEntry","key":"NetworkCollapsed","context":"{2232342-10232}","value":false},{"$id":"2","$type":"ProjectOptionEntry","key":"NetworkCollapsed","context":"{2232342-10233}","value":false},{"$id":"3","$type":"ProjectOptionEntry","key":"NetworkCollapsed","context":"{2232342-10234}","value":false},{"$id":"4","$type":"ProjectOptionEntry","key":"RestoreNetworkStates","context":"{2232321-10230}","value":true},{"$id":"5","$type":"ProjectOptionEntry","key":"NetworkCollapsed","context":"{2232342-16993}","value":false},{"$id":"6","$type":"ProjectOptionEntry","key":"NetworkCollapsed","context":"{2232342-16996}","value":false},{"$id":"7","$type":"ProjectOptionEntry","key":"LastSelection@Siemens.Simatic.PlcLanguages.PLFrame.BasicLanguageEditor","context":"{2232321-10230}","value":{"$id":"8","$type":"SessionState","NetworkStates":{"$id":"9","$type":"Dictionary`2","1":5},"FocusedComponent":4,"ComponentUndoState":{"$id":"10","$type":"FLGViewSessionState","SelectedElements":{"$type":"String[]","$values":["<?xml version=\"1.0\" encoding=\"utf-16\"?><Connector UId=\"-1\" FormalName=\"EN\" OwnerUId=\"22\" ParaNum=\"-1\" />"]},"RelevantSettings":null}}}]}